id;first_name;last_name;gender;email;phone;address_line_1;address_line_2;city;country
1;Garnett;Schinner;MALE;"5|kjDLF`DqupD\[sUA<`j5ebB?XQ>H|FR/_+:'BV6[mBZErz^BAyC()PHa|H*$R?s'Yz*ExxA*4BB4kIaG?=H`@t,VyJ+OhR6`KK<_.HW7gm)>v\g4t.FPE-c^)YEKBM|#/z$%V'1U`"7k>PqH~E=IMNe={J%,j[}6rv3{U_4]h(3Ul=<.Z~(:-";(361) 760-0978 x92019;Money Market Account;Albania web-readiness;South Leopold;Iceland
2;Brody;Beahan;MALE;"L/`En}Bx{ZxAXQZil|@Y5c&&PW.2'`"A8$xi6?1OYbo(Y~9PY2)d=!H5zW1|<QE6]ME5;uG'>'k(`38}qpvW#'IA?L].R{{G8Vsz5c";595.408.6614;Automotive;Planner cross-platform access;East Markusberg;Japan
3;Marjorie;Cartwright;OTHER;"\X"7nJ'D\eVxY7F!C}B0xf~x'yD]P8g5zn$pEb[a%mZo0$PA8"Vh"W8.(nw-xj!l~6Cvpw%\Du7\`_hG{@=|QvVE$IyZ:4ZW0{{ryJ|.!lh1*Zl?$cH3&Gu7.ypxm|u`]}9oG*HCDuc:YrvRi)Hg8*ovKz8SD}%A1";345.255.1098 x7493;Communications capacitor archive;sky blue Tasty Plastic Pizza;Lake Donavon;Maldives
4;Rhoda;McGlynn;MALE;"y-?J'X"Yg0oK_Wv)nl#yl,@i>w\)EM)?Pl3foE1=L2?fLY."p3z$5dG3Z9:$}i-Q|1q}uaJex%Wei_.n^WmlF5{Wqf6";947-312-0081;monitor 1080p Checking Account;world-class Frozen IB;Isobelborough;Bermuda
5;Anika;Hills;OTHER;"Y^?&\nz"NnX?`UmNll\|>2W/4cIScU,I`47tbO}7%TeZ|K=5ll)M;dXv6<0|k[Y<t-b5bVnQ7S&%@&r^F=Fq\T.%"t[8Z]aw&_('P_Dh:jcECg.tmUNE.~~B"KWsV<0%{";(543) 197-8775 x27240;system Small;Intelligent Outdoors;Jarrellburgh;Mauritius
6;Johan;Powlowski;FEMALE;"4]~W12X|+>j:sT0Yw~*q"~GIbPFEv{zrtO!&z6@lGJ[#A}miecJZ\ei;,=5w{-1d<P}WUXf1qpKua_#1\~Xp,,XaduP,LaR0d_36MSJXx.__=P+TN`=#~LUgwcfDib.*il?A!Vb{+mYhI6t^M4_c4\y,Z";(618) 968-2618;digital maroon;EXE projection Fresh;West Sven;Bosnia and Herzegovina
7;Donnie;Farrell;FEMALE;"rpa}oK)*X0q&W#)'m+ie6--`t%_A}zLz2JvzJ}#HKq\a"Hb>KkLEOca^W.v'%|8}lkCltFRWG(%=n7?G'Fj#{&g0xC~@$xQ2FywL&xK\Jt)wD&Hm)2..K]Z,#)x2L{A";1-442-612-3291 x325;Kenyan Shilling robust;Versatile Exclusive Moroccan Dirham;Eliseland;Fiji
8;Zoe;Bashirian;MALE;"i,{=O0VHRHial{Y_iur6}y94Bm@/v-89YP4ed3BDUn"LqVuuamY|\pfST$w7[2F\0;g>rNpfmZU'P+`(Y}1t:lFi#:cC.V&.ST5+t.n?E+'Rf:RGwcnl[7H[Yvoc.>B4l=*t>u";1-962-615-4495;Credit Card Account;navigate;East Monroefort;Guinea-Bissau
9;Janice;Murray;FEMALE;":L_wFL^G~JKzW=y665]lrk"UwSLDvB\[`1Cf!H+QdT9hDs|DHFS12#RBE`.H*cW%;iF"C>K[xq)+mWklbDzV1fEf=mNCw><T@\BECwv)|9[KH!q)>>Bk0dXW1+2.-g4&`;g4w4m^S,cOqv\UQiu,5vU8eZ|'c5O,_RrtwN,W`#$v$x]_C3l79,xVCIWnY$tLiA;O2$NGfJI4g&J{KvhiRWy}!>c";(085) 362-0758 x2360;Quality;synthesize Creative;New Evanchester;Botswana
10;Corene;Walsh;MALE;"jd3k8a]Ex;%&Krpg-t&"BDmxnc}@Jg6Z.sc2le*J0"XfjbWO4E6q.b%|7"e[TLcGlDr"b)QC3NAeUFrku,W5IGm"-joLCfHqkg;-D0l";1-229-098-5986 x132;Saint Helena Pound programming;AI optical invoice;Port Carolynemouth;Tonga
